1,Siana Lothean,slothean0@indiatimes.com,28,34,20447
2,Rois Scanderet,rscanderet1@cornell.edu,11,100,84474
3,Crin Liddyard,cliddyard2@moonfruit.com,76,35,50559
4,Philippa Cornelis,pcornelis3@sbwire.com,6,98,65517
5,Ainslee Philot,aphilot4@sourceforge.net,95,37,44181
6,Edan Sign,esign5@cbsnews.com,79,19,43930
7,Erena Rigglesford,erigglesford6@geocities.com,35,5,63774
8,Kandace Cunniam,kcunniam7@uiuc.edu,3,96,84433
9,Bel Netherclift,bnetherclift8@reverbnation.com,78,51,75326
10,Gerik Stearn,gstearn9@mit.edu,48,23,13581
11,Hazlett Bossingham,hbossinghama@europa.eu,30,57,96126
12,Barn Girdlestone,bgirdlestoneb@prweb.com,15,90,98424
13,Elset Causier,ecausierc@unblog.fr,25,60,90725
14,Tadio Tippetts,ttippettsd@discovery.com,69,47,51263
15,Joyann Karpf,jkarpfe@barnesandnoble.com,12,13,55028
16,Chrysa Curtain,ccurtainf@sogou.com,70,55,94410
17,Esmeralda Simionato,esimionatog@mediafire.com,58,40,72419
18,Brittni Scottrell,bscottrellh@mozilla.org,3,33,58830
19,Sibilla Dorkens,sdorkensi@freewebs.com,42,36,45447
20,Yolande Traves,ytravesj@sogou.com,54,96,63034
21,Nikolia Brundill,nbrundillk@go.com,62,80,62151
22,Caryl Loche,clochel@cloudflare.com,72,24,23794
23,Trever Baldin,tbaldinm@narod.ru,68,23,78200
24,Adan Burrells,aburrellsn@squidoo.com,88,35,40156
25,Xerxes Coiley,xcoileyo@mtv.com,14,3,43616
26,Adena Bulpitt,abulpittp@chronoengine.com,13,1,5547
27,Prinz Boshard,pboshardq@columbia.edu,67,3,54104
28,Alyda Kivlin,akivlinr@archive.org,86,25,58288
29,Sylas Swalwel,sswalwels@businessinsider.com,94,25,40011
30,Osbert Chainey,ochaineyt@yellowbook.com,82,84,69386
31,Lowrance Ashwell,lashwellu@wiley.com,93,20,35991
32,Ange Swepstone,aswepstonev@intel.com,54,12,95341
33,Craig Brimicombe,cbrimicombew@ameblo.jp,84,72,19532
34,Gregorius Keysel,gkeyselx@shinystat.com,53,23,88436
35,Freddy Lorait,floraity@mtv.com,82,14,36715
36,Alis Leggatt,aleggattz@1688.com,51,91,57712
37,Ward Talks,wtalks10@guardian.co.uk,3,47,69428
38,Ralph Glassard,rglassard11@huffingtonpost.com,7,24,49554
39,Mano Winny,mwinny12@networksolutions.com,100,6,38474
40,Barnett Tyler,btyler13@wordpress.com,6,74,23965
41,Moria Grafhom,mgrafhom14@instagram.com,3,21,41302
42,Gwendolin Sollis,gsollis15@chron.com,47,95,21770
43,Annissa Bubbings,abubbings16@gizmodo.com,43,65,690
44,Rhody Bearsmore,rbearsmore17@fema.gov,30,65,96634
45,Kevan Anfosso,kanfosso18@angelfire.com,9,8,89874
46,Sibyl Whiteland,swhiteland19@google.fr,63,33,15021
47,Molly Boas,mboas1a@cafepress.com,66,18,87513
48,Adrian Shorte,ashorte1b@godaddy.com,41,35,14794
49,Bruno Lyne,blyne1c@mediafire.com,40,77,87586
50,Julianna Attrie,jattrie1d@cmu.edu,68,11,44371
51,Naomi Kline,nkline1e@hud.gov,59,84,27665
52,Shellysheldon Weston,sweston1f@tumblr.com,32,12,84807
53,Adey Lewerenz,alewerenz1g@loc.gov,99,38,14058
54,Kerry Toulson,ktoulson1h@friendfeed.com,76,99,62232
55,Bernardina Drayson,bdrayson1i@amazon.de,25,51,40223
56,Philis Pitrelli,ppitrelli1j@live.com,80,26,92796
57,Justine Vinick,jvinick1k@auda.org.au,59,91,6336
58,Jase Sirrell,jsirrell1l@xrea.com,27,14,31296
59,Angelique Tenant,atenant1m@feedburner.com,98,1,75420
60,Boyce Bellefant,bbellefant1n@webmd.com,33,35,58517
61,Obed Mucklow,omucklow1o@paginegialle.it,25,30,9052
62,Hyacinthe Wurz,hwurz1p@gizmodo.com,28,85,62192
63,Jolie Wincom,jwincom1q@jimdo.com,32,89,59094
64,Gerhard Norgan,gnorgan1r@cornell.edu,39,25,10368
65,Cecilla Burehill,cburehill1s@hugedomains.com,53,59,54381
66,Nathalie Huxham,nhuxham1t@artisteer.com,5,5,74620
67,Kailey Ghirigori,kghirigori1u@icio.us,52,65,81975
68,Ringo Hoggan,rhoggan1v@cpanel.net,70,16,75310
69,Sher Alenikov,salenikov1w@google.es,24,74,34990
70,Livvy Potier,lpotier1x@creativecommons.org,19,70,15815
71,Nigel Caudle,ncaudle1y@unc.edu,60,9,18908
72,Shaylynn Kliemke,skliemke1z@arstechnica.com,89,83,12824
73,Errol Levicount,elevicount20@bluehost.com,61,82,66023
74,Rosy Gibbett,rgibbett21@people.com.cn,3,39,28906
75,Gherardo Minister,gminister22@gnu.org,17,23,95374
76,Morgan Newsham,mnewsham23@free.fr,80,43,99891
77,Bronson Lethardy,blethardy24@elegantthemes.com,96,86,59182
78,Tad Coles,tcoles25@apache.org,77,72,73699
79,Danella Cobello,dcobello26@blogtalkradio.com,10,6,41519
80,Angie Longdon,alongdon27@ed.gov,47,99,5715
81,Kendra Libero,klibero28@nationalgeographic.com,18,74,4974
82,Reeta Karsh,rkarsh29@netvibes.com,22,57,24504
83,Gary Nansom,gnansom2a@squidoo.com,53,97,21377
84,Aurelea Bayle,abayle2b@cargocollective.com,42,70,89835
85,Michelina Tuffrey,mtuffrey2c@indiegogo.com,41,8,31457
86,Evey Shaylor,eshaylor2d@abc.net.au,86,96,40701
87,Harper Churchman,hchurchman2e@taobao.com,54,29,36320
88,Obed Linggood,olinggood2f@prnewswire.com,79,8,27318
89,Romona Duthy,rduthy2g@mapy.cz,17,93,57353
90,Bekki Dauby,bdauby2h@gmpg.org,13,93,36005
91,Wye Spinola,wspinola2i@ihg.com,83,82,65426
92,Woodrow MacCahee,wmaccahee2j@admin.ch,30,45,41656
93,Eula Esbrook,eesbrook2k@unc.edu,53,81,91542
94,Drucill Libero,dlibero2l@t-online.de,66,39,58111
95,Noll Cowton,ncowton2m@youtu.be,48,58,13328
96,Ingeborg Longhorne,ilonghorne2n@sciencedaily.com,77,5,7239
97,Ally Bonavia,abonavia2o@technorati.com,76,95,6718
98,Daron Redmond,dredmond2p@wikimedia.org,17,22,12460
99,Ardra Widdows,awiddows2q@archive.org,55,92,93621
100,Jinny Boij,jboij2r@sphinn.com,17,59,7702
